Area name, Code,"Agriculture, forestry & fishing",Production,Construction,Motor trades,Wholesale,Retail,Transport & Storage (inc postal),Accommodation & food services,Information & communication,Finance & insurance,Property,"Professional, scientific & technical",Business administration & support services,Public administration & defence,Education,Health,"Arts, entertainment, recreation & other services",Total
Newcastle upon Tyne,E08000021,35,395,720,235,330,"1,320",215,"1,025",585,300,455,"1,560",825,90,310,890,860,"10,150"
North Tyneside,E08000022,50,390,605,195,245,725,145,500,295,120,165,910,435,40,160,495,420,"5,895"
South Tyneside,E08000023,25,290,410,90,125,485,150,360,120,60,85,620,270,25,125,305,325,"3,870"
Sunderland,E08000024,60,535,750,245,290,"1,005",230,660,270,155,175,800,560,60,230,545,575,"7,145"
Gateshead,E08000037,65,440,685,245,400,930,225,485,290,130,255,770,535,20,190,475,450,"6,590"
Allerdale,E07000026,"1,085",275,560,140,125,470,155,490,75,105,100,610,395,85,145,245,295,"5,355"
Barrow-in-Furness,E07000027,80,190,305,75,55,285,55,200,65,35,40,540,205,20,75,160,165,"2,550"
Carlisle,E07000028,840,250,540,225,195,595,285,395,120,280,210,435,300,75,130,265,335,"5,475"
Copeland,E07000029,480,155,265,65,40,235,75,260,65,30,40,675,270,35,85,155,190,"3,120"
Eden,E07000030,"1,345",195,375,90,115,295,165,305,75,45,85,295,225,50,110,155,170,"4,095"
South Lakeland,E07000031,"1,075",360,770,190,235,790,150,785,205,115,225,790,435,75,210,335,440,"7,185"
Burnley,E07000117,60,285,335,115,160,400,80,230,110,75,80,330,210,30,80,240,225,"3,045"
Chorley,E07000118,235,275,540,190,200,485,200,270,255,100,125,665,365,35,145,270,310,"4,665"
Fylde,E07000119,195,185,335,105,125,395,110,255,245,95,135,540,255,35,105,240,225,"3,580"
Hyndburn,E07000120,60,295,260,130,150,330,110,195,70,65,90,215,185,15,75,220,185,"2,650"
Lancaster,E07000121,500,305,540,175,220,635,180,455,220,100,160,625,340,50,160,390,345,"5,400"
Pendle,E07000122,195,340,330,125,165,410,95,185,105,70,90,305,225,30,85,225,225,"3,205"
Preston,E07000123,195,310,540,250,315,795,185,385,265,250,260,800,500,65,140,455,435,"6,145"
Ribble Valley,E07000124,565,190,350,110,160,340,105,230,105,75,135,470,220,25,95,160,205,"3,540"
Rossendale,E07000125,115,275,285,110,160,280,120,155,105,45,75,360,230,20,75,185,190,"2,785"
South Ribble,E07000126,190,345,545,200,195,395,165,215,245,95,145,510,375,30,115,260,290,"4,315"
West Lancashire,E07000127,485,320,540,190,250,445,255,255,200,90,155,580,360,25,130,250,310,"4,840"
Wyre,E07000128,440,300,595,160,205,565,130,295,180,80,145,560,300,35,90,240,300,"4,620"
Bolton,E08000001,90,745,"1,085",395,555,"1,190",375,575,435,260,325,"1,265",795,160,265,725,715,"9,955"
Bury,E08000002,65,500,745,275,405,915,260,455,385,195,320,"1,030",600,25,185,455,500,"7,315"
Manchester,E08000003,15,850,"1,090",350,"1,320","2,885",690,"1,770","1,595",680,"1,195","4,225","1,910",145,540,"1,490","1,420","22,170"
Oldham,E08000004,75,680,855,285,360,870,245,510,290,135,205,775,545,35,220,485,525,"7,095"
Rochdale,E08000005,115,620,750,260,390,825,335,465,270,145,240,740,535,40,155,530,490,"6,905"
Salford,E08000006,25,530,980,235,595,920,395,635,595,300,510,"1,400",745,45,245,650,595,"9,400"
Stockport,E08000007,80,810,"1,210",405,710,"1,245",325,690,890,410,475,"2,325","1,085",60,285,770,870,"12,645"
Tameside,E08000008,50,690,840,260,380,875,290,485,265,140,175,805,530,40,170,460,515,"6,970"
Trafford,E08000009,60,535,"1,000",275,640,"1,270",380,580,950,"1,255",665,"2,305","1,110",40,280,700,770,"12,815"
Wigan,E08000010,130,745,"1,315",410,445,"1,165",530,660,430,175,285,"1,280",755,40,255,580,765,"9,965"
Knowsley,E08000011,40,310,455,75,140,375,210,185,120,90,75,480,435,25,110,295,275,"3,695"
Liverpool,E08000012,10,630,"1,225",340,565,"1,940",560,"1,420",710,485,650,"2,370","1,310",145,440,"1,315","1,235","15,350"
St. Helens,E08000013,95,385,590,175,220,630,305,370,200,100,125,685,445,50,135,405,390,"5,305"
Sefton,E08000014,75,455,970,325,375,"1,175",330,625,410,230,300,"1,180",660,100,280,705,790,"8,985"
Wirral,E08000015,80,535,970,300,370,"1,235",280,695,525,230,285,"1,630",845,55,295,835,900,"10,065"
Craven,E07000163,785,200,375,80,165,390,120,290,135,65,125,400,230,40,80,150,220,"3,850"
Hambleton,E07000164,"1,405",335,470,175,255,470,140,325,130,105,200,755,360,95,140,275,335,"5,970"
Harrogate,E07000165,"1,155",470,840,295,530,970,235,580,530,225,425,"1,710",730,80,265,500,595,"10,135"
Richmondshire,E07000166,765,130,280,80,95,225,85,260,70,30,120,285,210,50,80,130,215,"3,110"
Ryedale,E07000167,"1,135",235,335,125,130,305,100,275,85,50,115,350,210,45,70,130,265,"3,960"
Scarborough,E07000168,690,270,490,115,165,655,130,715,115,75,155,330,280,60,110,325,350,"5,030"
Selby,E07000169,510,270,415,150,215,325,225,230,165,60,105,555,295,50,95,165,205,"4,035"
Barnsley,E08000016,265,530,930,285,290,865,400,525,250,135,225,690,450,60,205,405,445,"6,955"
Doncaster,E08000017,325,615,"1,160",425,415,"1,290",645,670,275,185,260,"1,000","1,195",110,280,635,635,"10,120"
Rotherham,E08000018,155,710,"1,030",300,375,955,465,510,305,155,195,800,580,225,275,515,530,"8,080"
Sheffield,E08000019,180,"1,400","1,760",600,975,"2,250",585,"1,330","1,075",415,590,"2,425","1,310",110,490,"1,245","1,300","18,040"
Bradford,E08000032,310,"1,335","1,455",695,"1,015","2,285",670,"1,210",825,385,595,"2,080","1,155",105,450,"1,325","1,155","17,050"
Calderdale,E08000033,295,825,930,325,485,980,265,630,535,205,265,"1,105",570,65,250,540,625,"8,895"
Kirklees,E08000034,355,"1,460","1,670",655,865,"1,975",615,"1,055",735,310,505,"1,995","1,075",65,440,"1,035",990,"15,800"
Leeds,E08000035,335,"1,810","2,965",850,"1,455","3,310","1,440","2,215","2,105","1,065","1,420","5,540","3,215",220,720,"1,905","2,035","32,605"
Wakefield,E08000036,220,810,"1,225",470,535,"1,415",765,885,385,220,340,"1,115",815,125,305,675,750,"11,055"
Amber Valley,E07000032,305,455,655,195,185,500,205,315,185,95,155,605,335,50,145,295,330,"5,010"
Bolsover,E07000033,110,200,295,110,110,285,135,160,80,50,95,225,590,35,85,150,170,"2,885"
Chesterfield,E07000034,30,350,415,190,250,510,140,305,160,100,110,440,265,55,110,315,250,"3,995"
Derbyshire Dales,E07000035,905,320,445,130,185,495,200,390,220,70,170,645,290,70,125,220,260,"5,140"
Erewash,E07000036,90,455,535,200,200,420,170,245,185,85,135,520,260,30,115,245,260,"4,150"
High Peak,E07000037,295,345,390,145,160,430,205,340,215,80,120,585,290,50,130,250,290,"4,320"
North East Derbyshire,E07000038,335,300,490,140,200,305,145,240,155,65,110,395,230,30,105,190,185,"3,620"
South Derbyshire,E07000039,325,285,440,145,165,300,190,220,160,55,120,565,270,35,125,180,225,"3,805"
Blaby,E07000129,125,300,655,120,210,325,210,190,220,490,210,545,335,30,85,240,220,"4,510"
Charnwood,E07000130,210,570,740,255,380,700,280,430,355,150,215,970,510,55,170,405,460,"6,855"
Harborough,E07000131,600,340,495,160,280,420,200,265,265,200,250,885,420,40,135,205,315,"5,475"
Hinckley and Bosworth,E07000132,285,455,520,155,245,415,235,280,225,90,170,650,380,35,120,230,325,"4,815"
Melton,E07000133,370,175,295,85,140,220,105,150,100,40,80,405,220,25,65,110,170,"2,755"
North West Leicestershire,E07000134,210,350,495,185,260,385,315,270,235,120,130,685,370,40,145,175,275,"4,645"
Oadby and Wigston,E07000135,5,200,215,65,135,250,65,100,115,50,85,270,135,15,60,190,145,"2,100"
Boston,E07000136,355,155,235,125,145,310,190,145,50,35,75,150,210,30,75,190,160,"2,635"
East Lindsey,E07000137,"1,195",395,630,220,265,760,195,645,115,70,160,445,365,105,155,335,385,"6,440"
Lincoln,E07000138,20,185,335,160,135,595,130,295,135,75,125,360,225,65,110,345,260,"3,555"
North Kesteven,E07000139,520,300,630,175,195,325,640,230,145,60,125,555,325,90,130,250,230,"4,925"
South Holland,E07000140,735,215,465,155,250,385,545,185,100,65,65,325,300,35,100,180,190,"4,295"
South Kesteven,E07000141,500,395,710,210,340,660,220,390,305,140,200,995,460,65,170,405,370,"6,535"
West Lindsey,E07000142,640,260,485,155,140,315,270,210,100,55,120,475,250,75,125,220,210,"4,105"
Corby,E07000150,20,245,185,115,115,240,305,120,95,30,50,250,180,10,55,150,140,"2,305"
Daventry,E07000151,475,325,450,165,260,305,280,190,260,65,155,855,380,55,135,165,295,"4,815"
East Northamptonshire,E07000152,280,240,525,140,200,285,290,215,175,70,120,625,325,40,115,205,255,"4,105"
Kettering,E07000153,160,295,535,160,190,420,290,250,220,70,125,480,325,35,100,240,255,"4,150"
Northampton,E07000154,20,500,975,300,475,895,"1,405",535,590,240,305,"1,375",815,60,230,625,615,"9,960"
South Northamptonshire,E07000155,505,305,650,175,220,275,180,250,400,85,170,"1,075",480,55,170,190,335,"5,520"
Wellingborough,E07000156,100,305,410,150,200,310,295,170,175,55,95,425,315,25,100,170,215,"3,515"
Ashfield,E07000170,60,350,470,175,180,435,160,210,130,55,75,285,235,50,95,230,220,"3,415"
Bassetlaw,E07000171,390,375,510,185,225,480,230,290,155,80,115,510,280,65,120,275,280,"4,565"
Broxtowe,E07000172,45,245,485,115,160,410,135,220,245,65,135,530,265,45,100,250,265,"3,715"
Gedling,E07000173,85,230,600,150,145,410,130,200,185,80,140,495,270,40,105,240,260,"3,765"
Mansfield,E07000174,35,235,435,170,150,425,130,210,115,65,90,310,245,55,95,290,235,"3,290"
Newark and Sherwood,E07000175,465,390,590,180,245,535,215,330,210,90,180,705,355,75,135,300,325,"5,325"
Rushcliffe,E07000176,290,245,525,135,220,415,125,250,380,130,220,995,405,80,145,335,320,"5,215"
Cannock Chase,E07000192,20,360,645,180,245,445,225,240,155,50,110,405,255,20,80,205,240,"3,880"
East Staffordshire,E07000193,485,355,545,175,260,540,305,325,240,100,165,665,385,40,135,275,300,"5,295"
Lichfield,E07000194,275,375,610,175,265,415,180,275,270,105,225,860,410,30,135,245,360,"5,210"
Newcastle-under-Lyme,E07000195,185,260,470,160,215,475,180,280,185,75,105,490,300,25,115,280,320,"4,120"
South Staffordshire,E07000196,280,330,695,135,225,355,175,235,185,90,165,640,300,45,120,215,320,"4,510"
Stafford,E07000197,655,345,590,195,285,590,200,330,325,95,190,760,455,95,155,355,385,"6,005"
Staffordshire Moorlands,E07000198,925,325,490,155,180,345,210,255,130,60,85,455,320,40,105,215,240,"4,535"
Tamworth,E07000199,5,250,300,110,145,300,180,155,120,65,85,305,195,25,70,150,185,"2,645"
North Warwickshire,E07000218,195,270,375,125,140,255,245,200,135,50,100,345,270,30,70,125,175,"3,105"
Nuneaton and Bedworth,E07000219,45,350,395,195,190,485,345,220,205,85,95,535,325,35,100,300,270,"4,175"
Rugby,E07000220,295,280,430,170,215,405,605,295,300,65,150,820,400,40,140,195,280,"5,085"
Stratford-on-Avon,E07000221,805,480,775,290,380,715,185,505,485,175,355,"1,630",670,75,215,290,570,"8,600"
Warwick,E07000222,195,420,620,200,380,755,180,470,710,175,325,"2,065",665,100,215,400,535,"8,410"
Bromsgrove,E07000234,205,270,650,200,215,380,110,245,330,130,245,780,455,35,125,295,300,"4,970"
Malvern Hills,E07000235,665,320,400,130,215,335,95,250,260,70,175,680,305,50,105,200,265,"4,520"
Redditch,E07000236,30,395,355,140,190,295,120,145,200,55,85,410,260,25,85,160,160,"3,110"
Worcester,E07000237,15,205,290,125,185,525,130,290,210,85,145,565,320,45,110,240,295,"3,780"
Wychavon,E07000238,775,465,740,235,360,575,225,355,340,125,255,"1,000",560,70,170,270,400,"6,920"
Wyre Forest,E07000239,165,290,470,180,240,440,140,270,155,75,110,485,305,35,95,200,275,"3,930"
Birmingham,E08000025,60,"2,455","2,815","1,115","2,040","4,850","1,490","2,335","2,115",970,"1,450","5,230","3,060",230,"1,080","3,090","2,335","36,720"
Coventry,E08000026,40,740,855,395,465,"1,240",585,670,895,250,330,"1,665",835,80,280,745,705,"10,775"
Dudley,E08000027,30,"1,165","1,360",485,730,"1,335",500,630,465,230,270,"1,290",835,55,265,655,725,"11,025"
Sandwell,E08000028,10,"1,100",810,425,700,"1,205",760,635,305,185,275,735,710,50,230,680,600,"9,415"
Solihull,E08000029,115,325,"1,030",170,375,885,295,440,780,285,410,"1,760",835,55,210,595,600,"9,165"
Walsall,E08000030,40,925,985,330,475,"1,055",530,530,305,130,250,805,620,35,220,605,590,"8,430"
Wolverhampton,E08000031,15,745,750,310,460,"1,170",410,530,375,195,275,820,635,135,190,625,550,"8,190"
Cambridge,E07000008,105,200,330,90,180,725,85,540,780,130,205,"1,220",500,95,325,375,515,"6,400"
East Cambridgeshire,E07000009,475,280,595,160,180,285,185,180,260,60,140,605,350,45,90,145,290,"4,325"
Fenland,E07000010,440,300,565,180,190,375,230,240,130,65,95,335,290,45,75,195,220,"3,970"
Huntingdonshire,E07000011,530,610,"1,005",275,455,640,345,400,660,155,260,"1,290",750,120,170,400,520,"8,585"
South Cambridgeshire,E07000012,565,545,940,225,385,430,210,335,855,120,290,"1,775",725,90,220,410,470,"8,590"
Basildon,E07000066,40,525,"1,365",225,420,680,360,325,555,185,210,"1,150",640,35,180,420,410,"7,725"
Braintree,E07000067,425,520,"1,110",255,370,590,270,345,420,100,230,"1,070",570,75,175,295,485,"7,305"
Brentwood,E07000068,85,200,635,110,205,390,125,205,415,125,150,825,440,25,90,215,295,"4,535"
Castle Point,E07000069,15,220,755,110,110,330,160,165,200,70,95,450,245,10,70,150,195,"3,350"
Chelmsford,E07000070,250,390,"1,145",290,355,705,250,430,700,235,330,"1,475",730,255,205,440,530,"8,715"
Colchester,E07000071,250,430,"1,035",265,340,820,220,440,530,195,290,"1,150",655,70,205,515,495,"7,905"
Epping Forest,E07000072,245,370,"1,330",180,370,630,240,355,495,160,400,"1,155",660,35,145,300,520,"7,590"
Harlow,E07000073,10,210,500,105,205,305,210,160,210,50,80,340,250,20,80,215,190,"3,140"
Maldon,E07000074,220,285,555,115,150,260,145,205,165,65,115,520,265,30,60,130,200,"3,485"
Rochford,E07000075,80,265,665,135,155,315,155,175,235,65,120,595,260,30,70,130,245,"3,695"
Tendring,E07000076,275,325,705,210,170,565,215,390,195,70,140,485,335,55,120,350,330,"4,935"
Uttlesford,E07000077,380,340,700,170,255,380,205,245,385,130,190,"1,000",465,50,135,205,325,"5,560"
Broxbourne,E07000095,40,230,830,170,260,380,220,250,265,100,145,520,365,10,85,170,235,"4,275"
Dacorum,E07000096,140,360,"1,025",205,355,635,255,420,"1,060",145,230,"1,615",715,40,215,360,570,"8,345"
Hertsmere,E07000098,40,255,810,145,430,510,210,310,715,185,390,"1,255",605,15,125,305,430,"6,735"
North Hertfordshire,E07000099,190,440,680,225,325,575,175,420,715,120,275,"1,380",520,35,180,320,445,"7,020"
Three Rivers,E07000102,45,230,675,110,265,340,125,230,585,110,220,"1,095",415,15,105,235,325,"5,125"
Watford,E07000103,5,210,495,135,290,575,160,295,635,120,155,865,455,15,110,260,305,"5,085"
St Albans,E07000240,80,300,750,155,370,695,165,450,"1,145",205,330,"2,365",775,35,230,560,565,"9,175"
Welwyn Hatfield,E07000241,45,275,580,165,255,440,215,280,590,95,210,970,455,35,125,300,320,"5,355"
East Hertfordshire,E07000242,245,455,"1,040",230,390,620,225,490,705,190,340,"1,650",800,60,225,325,515,"8,505"
Stevenage,E07000243,5,160,470,100,135,325,120,220,300,205,130,475,270,25,85,190,190,"3,405"
Breckland,E07000143,795,475,615,220,285,515,240,300,165,95,140,625,390,95,150,295,355,"5,755"
Broadland,E07000144,385,360,790,195,255,395,135,245,245,100,165,695,360,75,130,280,300,"5,110"
Great Yarmouth,E07000145,130,255,355,115,150,450,120,425,80,45,85,535,320,50,60,240,270,"3,685"
King's Lynn and West Norfolk,E07000146,785,400,840,260,270,685,230,425,175,85,170,565,420,105,155,325,350,"6,245"
North Norfolk,E07000147,640,285,540,145,180,605,130,460,150,75,135,480,335,105,115,265,340,"4,985"
Norwich,E07000148,30,255,385,235,290,950,155,535,385,190,215,805,485,60,150,420,455,"6,000"
South Norfolk,E07000149,750,370,715,225,245,445,205,280,275,85,160,840,405,95,150,345,360,"5,950"
Babergh,E07000200,440,330,535,140,225,380,125,245,215,85,145,645,375,55,110,200,295,"4,545"
Forest Heath,E07000201,250,165,310,100,130,250,95,200,110,50,90,250,215,30,65,115,395,"2,820"
Ipswich,E07000202,15,190,535,185,190,625,260,355,345,155,185,555,450,45,115,430,375,"5,010"
Mid Suffolk,E07000203,800,360,645,200,230,330,200,200,220,80,145,695,450,95,125,250,320,"5,345"
St Edmundsbury,E07000204,380,385,590,225,250,525,200,295,215,110,250,685,480,90,115,275,340,"5,410"
Suffolk Coastal,E07000205,595,325,605,190,205,565,445,395,365,85,185,765,490,95,135,320,430,"6,195"
Waveney,E07000206,280,290,505,140,160,610,135,335,135,75,125,670,360,70,115,260,325,"4,590"
City of London,E09000001,20,440,565,10,525,695,240,"1,090","1,500","3,125",935,"6,975","2,490",55,155,255,810,"19,885"
Camden,E09000007,25,760,"1,200",145,"1,110","2,045",355,"1,875","3,695",740,"1,370","8,800","2,495",125,615,"1,130","2,615","29,100"
Hackney,E09000012,10,595,810,100,550,"1,285",195,945,"2,535",235,"1,065","3,765","1,230",35,305,730,"1,475","15,865"
Hammersmith and Fulham,E09000013,20,385,740,140,500,"1,430",210,825,"1,870",290,525,"3,330","1,335",110,250,685,"1,200","13,845"
Haringey,E09000014,10,460,935,165,590,"1,220",245,670,"1,460",140,530,"2,190",970,30,255,665,"1,260","11,795"
Islington,E09000019,15,530,820,85,595,"1,345",255,"1,195","3,010",495,690,"4,970","1,705",60,355,860,"1,645","18,630"
Kensington and Chelsea,E09000020,35,290,675,70,570,"1,900",165,"1,025","1,180",495,"1,115","3,270","1,475",25,260,680,"1,445","14,675"
Lambeth,E09000022,15,335,815,135,395,"1,110",235,"1,010","2,050",215,485,"4,555","5,210",90,335,915,"1,310","19,215"
Lewisham,E09000023,5,310,785,160,280,960,235,675,"1,355",150,255,"1,885",815,40,255,745,870,"9,780"
Newham,E09000025,5,345,"1,060",180,520,"1,465",375,630,"1,145",170,370,"1,420",910,55,275,705,570,"10,200"
Southwark,E09000028,15,420,800,110,540,"1,275",315,"1,085","2,285",410,550,"4,035","1,590",85,360,900,"1,475","16,250"
Tower Hamlets,E09000030,15,505,660,155,875,"1,350",440,"1,115","2,605",620,735,"3,665","1,570",70,415,775,"1,080","16,650"
Wandsworth,E09000032,35,460,"1,015",160,730,"1,515",275,940,"2,345",315,705,"4,745","1,680",65,355,915,"1,515","17,770"
Westminster,E09000033,85,"1,215","2,840",120,"1,865","4,350",600,"3,700","5,145","3,835","5,045","12,145","5,480",320,640,"1,830","4,550","53,765"
Barking and Dagenham,E09000002,5,335,925,200,365,600,370,380,500,75,120,665,620,235,155,605,345,"6,500"
Barnet,E09000003,30,620,"2,410",360,"1,260","1,970",410,990,"2,225",490,"1,940","4,520","2,015",70,495,"1,185","1,560","22,550"
Bexley,E09000004,10,435,"1,580",255,320,800,365,540,820,165,205,"1,265",695,30,200,565,535,"8,785"
Brent,E09000005,5,545,"1,610",375,"1,035","1,485",500,790,"1,675",245,635,"2,340","1,175",75,315,770,925,"14,500"
Bromley,E09000006,60,495,"2,005",265,510,"1,365",295,825,"1,720",350,470,"3,065","1,410",30,350,875,"1,115","15,205"
Croydon,E09000008,15,480,"1,720",375,630,"1,470",355,925,"1,705",330,470,"2,625","1,240",55,335,"1,130",955,"14,815"
Ealing,E09000009,10,685,"1,985",360,"1,115","1,720",655,950,"2,260",230,615,"3,030","1,460",25,335,890,"1,225","17,550"
Enfield,E09000010,30,515,"1,670",330,775,"1,300",425,710,"1,100",240,575,"1,985","1,155",30,270,870,900,"12,880"
Greenwich,E09000011,5,350,930,145,320,945,240,630,"1,170",140,240,"1,785",840,30,275,705,685,"9,435"
Harrow,E09000015,10,305,"1,475",265,780,"1,160",355,545,"1,890",290,795,"2,780",995,15,250,690,700,"13,300"
Havering,E09000016,35,465,"1,930",335,395,"1,025",460,550,655,205,250,"1,255",825,25,215,605,595,"9,825"
Hillingdon,E09000017,40,550,"1,575",375,705,"1,330",965,820,"1,555",245,435,"1,985","1,165",55,260,685,775,"13,520"
Hounslow,E09000018,20,365,"1,030",290,705,"1,130",760,680,"2,450",205,425,"2,385","1,250",40,240,700,930,"13,605"
Kingston upon Thames,E09000021,15,265,735,170,380,870,165,525,"1,235",150,325,"2,025",765,80,180,485,635,"9,005"
Merton,E09000024,15,355,"1,160",210,475,925,285,495,"1,425",195,390,"2,645","1,190",30,235,635,775,"11,440"
Redbridge,E09000026,5,365,"1,470",245,560,"1,205",335,595,"1,885",225,510,"2,335","1,020",45,320,855,735,"12,710"
Richmond upon Thames,E09000027,15,330,760,130,400,"1,065",170,670,"2,050",225,495,"3,920","1,155",25,325,640,"1,340","13,715"
Sutton,E09000029,30,305,"1,395",205,335,730,220,435,935,165,205,"1,390",740,25,170,545,575,"8,405"
Waltham Forest,E09000031,10,420,"1,335",215,585,"1,115",290,565,945,145,285,"1,600",885,25,235,630,685,"9,970"
Aylesbury Vale,E07000004,705,550,"1,080",315,450,695,295,400,900,165,325,"1,945",830,95,235,470,670,"10,125"
Chiltern,E07000005,130,240,660,135,245,475,115,225,725,145,235,"1,605",505,25,155,270,460,"6,350"
South Bucks,E07000006,70,200,525,125,215,350,145,245,560,130,435,"1,130",495,20,125,220,410,"5,400"
Wycombe,E07000007,205,540,"1,075",300,525,830,240,420,"1,160",175,310,"2,125",820,50,245,435,720,"10,175"
Eastbourne,E07000061,30,150,420,100,145,475,85,325,195,75,150,455,305,20,110,340,275,"3,655"
Hastings,E07000062,25,200,435,95,125,395,70,300,190,55,90,360,200,25,75,295,240,"3,175"
Lewes,E07000063,180,300,530,140,200,470,130,270,350,65,170,770,365,40,120,270,385,"4,755"
Rother,E07000064,410,225,545,135,170,425,100,320,260,60,150,665,390,35,105,265,330,"4,590"
Wealden,E07000065,715,490,"1,190",310,400,685,145,470,570,145,280,"1,470",700,60,205,410,615,"8,860"
Basingstoke and Deane,E07000084,295,405,900,235,335,600,250,345,"1,130",200,220,"1,680",750,60,240,380,520,"8,545"
East Hampshire,E07000085,315,405,810,195,305,505,145,270,630,110,240,"1,375",535,50,175,320,430,"6,815"
Eastleigh,E07000086,55,385,870,180,255,535,255,290,450,140,165,930,495,35,140,315,360,"5,855"
Fareham,E07000087,50,315,710,145,215,420,150,245,380,130,175,840,395,20,145,275,315,"4,925"
Gosport,E07000088,10,180,285,65,70,240,85,200,125,25,75,285,170,15,65,160,190,"2,245"
Hart,E07000089,105,220,550,160,180,305,105,230,760,90,165,"1,210",425,40,130,195,345,"5,215"
Havant,E07000090,35,315,795,145,150,480,110,260,315,105,135,685,355,20,125,290,310,"4,630"
New Forest,E07000091,390,535,"1,135",305,355,835,305,530,540,190,385,"1,385",650,65,235,455,610,"8,905"
Rushmoor,E07000092,10,215,470,140,140,375,130,245,390,85,115,635,370,20,105,180,230,"3,855"
Test Valley,E07000093,310,415,720,220,335,475,240,300,535,175,240,"1,140",480,40,165,295,425,"6,510"
Winchester,E07000094,460,335,725,185,260,950,135,355,665,165,310,"1,645",680,95,200,410,485,"8,060"
Ashford,E07000105,435,395,720,195,405,595,165,330,345,330,175,965,520,60,145,330,345,"6,455"
Canterbury,E07000106,180,280,715,210,240,755,140,515,300,115,215,905,475,50,180,430,450,"6,155"
Dartford,E07000107,30,255,695,160,230,570,235,270,310,80,100,590,385,20,105,240,230,"4,505"
Dover,E07000108,200,200,435,140,140,415,205,355,160,60,100,470,260,75,130,305,280,"3,930"
Gravesham,E07000109,45,210,655,115,135,335,230,240,210,60,115,480,350,25,85,210,225,"3,725"
Maidstone,E07000110,310,415,"1,215",270,385,685,300,435,455,175,245,"1,220",630,75,170,440,475,"7,900"
Sevenoaks,E07000111,210,405,910,195,385,495,170,335,575,180,265,"1,300",655,45,150,295,470,"7,040"
Shepway,E07000112,205,190,505,130,130,435,135,380,190,65,135,545,325,50,120,305,270,"4,115"
Swale,E07000113,225,375,830,185,215,465,265,395,235,80,150,645,400,50,120,305,320,"5,260"
Thanet,E07000114,75,260,575,135,145,575,130,470,170,80,145,440,325,25,120,340,310,"4,320"
Tonbridge and Malling,E07000115,135,330,800,175,305,420,210,335,460,160,160,"1,120",555,45,145,295,350,"6,000"
Tunbridge Wells,E07000116,285,285,630,165,330,715,120,385,575,195,245,"1,475",635,35,170,320,465,"7,030"
Cherwell,E07000177,535,460,790,275,340,720,225,405,505,135,240,"1,240",670,85,195,350,480,"7,650"
Oxford,E07000178,20,150,365,100,160,760,110,585,580,130,195,"1,100",500,40,300,490,520,"6,105"
South Oxfordshire,E07000179,375,415,865,220,330,605,225,435,830,155,305,"1,910",785,80,225,345,620,"8,725"
Vale of White Horse,E07000180,325,350,725,165,250,425,150,325,505,85,200,"1,300",550,60,190,265,485,"6,355"
West Oxfordshire,E07000181,405,345,765,200,235,520,135,310,470,95,220,"1,095",455,65,165,270,495,"6,245"
Elmbridge,E07000207,40,265,730,140,355,655,165,405,"1,145",215,385,"2,505",860,10,180,375,765,"9,195"
Epsom and Ewell,E07000208,10,85,495,80,145,305,80,205,435,70,120,850,380,15,85,210,285,"3,855"
Guildford,E07000209,130,295,870,215,320,740,140,405,910,200,285,"1,935",720,70,205,390,575,"8,405"
Mole Valley,E07000210,140,225,600,155,225,435,110,265,620,155,220,"1,360",510,30,130,265,420,"5,865"
Reigate and Banstead,E07000211,80,290,985,180,275,595,180,380,770,235,235,"1,495",695,40,175,460,460,"7,530"
Runnymede,E07000212,45,215,530,160,235,300,165,255,490,85,180,840,450,10,105,210,325,"4,600"
Spelthorne,E07000213,15,220,585,140,205,445,"1,020",295,625,75,115,760,480,20,85,180,305,"5,570"
Surrey Heath,E07000214,45,255,525,165,210,430,120,265,605,110,165,"1,125",485,20,115,235,380,"5,255"
Tandridge,E07000215,155,230,750,140,210,360,125,210,455,110,175,"1,070",470,25,110,255,360,"5,210"
Waverley,E07000216,205,335,775,185,285,645,110,395,910,460,400,"2,085",760,25,200,320,630,"8,725"
Woking,E07000217,20,235,445,130,205,425,125,260,815,115,165,"1,230",490,15,105,290,370,"5,440"
Adur,E07000223,25,195,370,80,130,255,80,125,190,55,60,335,205,15,60,140,180,"2,500"
Arun,E07000224,165,390,825,200,240,595,160,395,325,95,210,795,450,40,135,400,430,"5,850"
Chichester,E07000225,560,390,770,195,305,735,145,425,405,125,280,"1,210",615,80,165,310,540,"7,255"
Crawley,E07000226,10,205,365,130,250,440,295,290,340,125,95,540,480,30,100,210,240,"4,145"
Horsham,E07000227,445,510,825,230,380,615,185,320,695,165,270,"1,525",655,45,185,330,525,"7,905"
Mid Sussex,E07000228,235,390,860,180,350,655,155,330,725,230,275,"1,530",710,35,210,375,545,"7,790"
Worthing,E07000229,10,185,495,95,160,570,85,310,335,100,165,695,370,25,95,370,320,"4,385"
East Devon,E07000040,"1,065",360,790,230,235,750,200,525,270,110,255,755,475,65,145,370,450,"7,050"
Exeter,E07000041,35,225,510,195,270,695,140,385,285,210,260,765,420,65,140,410,390,"5,400"
Mid Devon,E07000042,"1,420",295,505,145,190,310,135,210,140,45,100,430,270,45,85,200,285,"4,810"
North Devon,E07000043,"1,320",285,570,175,165,545,125,510,160,75,155,450,335,75,105,260,300,"5,610"
South Hams,E07000044,940,360,605,135,185,555,125,455,210,85,225,635,335,65,120,260,325,"5,620"
Teignbridge,E07000045,735,360,745,240,255,595,190,450,220,100,215,660,435,70,135,375,375,"6,155"
Torridge,E07000046,"1,335",205,395,110,110,305,85,230,90,45,90,295,190,35,80,140,175,"3,915"
West Devon,E07000047,"1,070",160,275,100,100,285,80,215,115,45,95,285,195,45,70,165,170,"3,470"
Christchurch,E07000048,15,180,300,70,95,260,80,145,140,55,80,290,180,15,60,110,145,"2,220"
East Dorset,E07000049,225,380,705,170,245,380,115,195,305,120,170,735,335,45,100,220,310,"4,755"
North Dorset,E07000050,660,240,455,135,160,345,100,175,185,50,125,450,240,60,85,165,255,"3,885"
Purbeck,E07000051,195,190,315,60,70,215,60,240,115,30,80,245,165,30,55,90,175,"2,330"
West Dorset,E07000052,"1,070",370,590,185,225,655,95,445,220,95,230,745,390,105,120,345,435,"6,320"
Weymouth and Portland,E07000053,60,105,280,40,45,310,65,285,85,20,65,230,140,25,60,175,210,"2,200"
Cheltenham,E07000078,60,235,525,145,200,680,85,410,595,250,270,"1,165",530,20,125,345,370,"6,010"
Cotswold,E07000079,775,355,615,140,275,600,120,395,390,115,235,"1,165",465,65,135,220,445,"6,510"
Forest of Dean,E07000080,590,295,450,145,145,310,190,225,195,45,100,510,260,40,115,225,240,"4,080"
Gloucester,E07000081,15,260,535,175,210,570,195,315,320,105,135,520,340,45,115,370,295,"4,520"
Stroud,E07000082,495,490,665,190,270,530,190,330,465,105,190,"1,095",470,45,170,330,385,"6,415"
Tewkesbury,E07000083,385,320,460,145,195,305,160,220,335,85,130,700,350,50,105,195,260,"4,400"
Mendip,E07000187,785,460,765,195,225,655,200,415,330,95,195,805,410,50,150,280,375,"6,390"
Sedgemoor,E07000188,675,400,655,210,220,465,195,400,195,100,155,645,370,55,130,270,295,"5,435"
South Somerset,E07000189,"1,185",570,925,325,315,720,200,465,380,145,240,"1,025",545,85,190,400,490,"8,205"
Taunton Deane,E07000190,660,280,585,215,230,575,125,315,225,125,195,690,375,60,130,400,340,"5,525"
West Somerset,E07000191,530,90,145,55,55,195,45,175,50,20,50,175,130,30,40,90,135,"2,010"
Hartlepool,E06000001,70,220,295,80,70,315,90,205,60,40,80,565,215,35,75,215,200,"2,830"
Middlesbrough,E06000002,10,240,360,130,170,525,100,285,125,90,130,805,320,30,110,330,275,"4,035"
Redcar and Cleveland,E06000003,135,300,400,130,100,435,155,290,80,50,60,750,270,40,110,280,285,"3,870"
Stockton-on-Tees,E06000004,95,440,735,225,230,640,230,415,225,130,170,"1,555",535,60,165,425,445,"6,720"
Darlington,E06000005,170,200,345,165,115,515,140,275,170,90,105,550,285,50,90,315,305,"3,885"
County Durham,E06000047,"1,370","1,110","1,700",580,560,"1,840",740,"1,265",460,290,405,"1,765","1,055",300,530,"1,210","1,220","16,400"
Northumberland,E06000057,"1,970",750,"1,215",375,430,"1,315",400,"1,060",410,200,365,"1,570",895,165,330,795,895,"13,140"
Tyne and Wear,E11000007,235,"2,050","3,170","1,010","1,390","4,465",965,"3,030","1,560",765,"1,135","4,660","2,625",235,"1,015","2,710","2,630","33,650"
Halton,E06000006,30,330,405,125,205,405,300,240,210,85,130,580,375,30,130,270,280,"4,130"
Warrington,E06000007,120,500,790,310,435,865,455,460,655,225,255,"1,855",840,50,235,535,580,"9,165"
Blackburn with Darwen,E06000008,85,485,400,215,360,760,155,355,195,170,165,610,405,90,165,445,325,"5,385"
Blackpool,E06000009,15,230,450,155,170,785,140,615,175,95,145,395,330,45,90,385,385,"4,605"
Cheshire East,E06000049,"1,475","1,070","1,760",610,"1,040","1,930",630,"1,130","1,465",615,725,"3,950","1,715",140,450,"1,020","1,360","21,085"
Cheshire West and Chester,E06000050,"1,045",745,"1,255",440,590,"1,705",480,925,940,420,520,"2,975","1,340",135,380,885,"1,105","15,885"
Cumbria,E10000006,"4,905","1,425","2,815",785,765,"2,670",885,"2,435",605,610,700,"3,345","1,830",340,755,"1,315","1,595","27,780"
Lancashire,E10000017,"3,235","3,425","5,195","1,860","2,305","5,475","1,735","3,125","2,105","1,140","1,595","5,960","3,565",395,"1,295","3,135","3,245","48,790"
Greater Manchester,E11000001,705,"6,705","9,870","3,150","5,800","12,160","3,825","6,825","6,105","3,695","4,395","16,150","8,610",630,"2,600","6,845","7,165","105,235"
Merseyside,E11000002,300,"2,315","4,210","1,215","1,670","5,355","1,685","3,295","1,965","1,135","1,435","6,345","3,695",375,"1,260","3,555","3,590","43,400"
"Kingston upon Hull, City of",E06000010,25,735,740,295,385,"1,125",330,640,220,160,230,720,555,365,245,830,545,"8,145"
East Riding of Yorkshire,E06000011,"2,055","1,035","1,730",470,625,"1,380",675,950,505,265,480,"1,880","1,010",180,350,785,935,"15,310"
North East Lincolnshire,E06000012,80,440,675,235,265,815,375,400,130,90,145,590,395,50,135,360,380,"5,560"
North Lincolnshire,E06000013,515,470,690,290,265,675,520,460,150,95,130,695,430,85,170,360,475,"6,475"
York,E06000014,265,365,780,220,275,"1,085",240,835,530,210,340,"1,345",630,110,215,565,600,"8,610"
North Yorkshire,E10000023,"6,445","1,910","3,205","1,020","1,555","3,340","1,035","2,675","1,230",610,"1,245","4,385","2,315",420,840,"1,675","2,185","36,090"
South Yorkshire,E11000003,925,"3,255","4,880","1,610","2,055","5,360","2,095","3,035","1,905",890,"1,270","4,915","3,535",505,"1,250","2,800","2,910","43,195"
West Yorkshire,E11000006,"1,515","6,240","8,245","2,995","4,355","9,965","3,755","5,995","4,585","2,185","3,125","11,835","6,830",580,"2,165","5,480","5,555","85,405"
Derby,E06000015,25,580,825,330,350,"1,105",345,620,505,225,295,"1,280",690,65,275,695,565,"8,775"
Leicester,E06000016,15,"1,285",700,465,805,"1,680",610,820,575,710,470,"1,320",825,90,305,"1,025",780,"12,480"
Rutland,E06000017,225,120,185,45,95,190,45,140,100,35,75,380,150,30,55,75,115,"2,060"
Nottingham,E06000018,15,600,780,315,555,"1,375",325,765,625,455,495,"1,435",885,175,290,925,710,"10,725"
Derbyshire,E10000007,"2,395","2,710","3,665","1,255","1,455","3,245","1,390","2,215","1,360",600,"1,015","3,980","2,530",355,940,"1,845","1,970","32,925"
Leicestershire,E10000018,"1,805","2,390","3,415","1,025","1,650","2,715","1,410","1,685","1,515","1,140","1,140","4,410","2,370",240,780,"1,555","1,910","31,155"
Lincolnshire,E10000019,"3,965","1,905","3,490","1,200","1,470","3,350","2,190","2,100",950,500,870,"3,305","2,135",465,865,"1,925","1,805","32,490"
Northamptonshire,E10000021,"1,560","2,215","3,730","1,205","1,660","2,730","3,045","1,730","1,915",615,"1,020","5,085","2,820",280,905,"1,745","2,110","34,370"
Nottinghamshire,E10000024,"1,370","2,070","3,615","1,110","1,325","3,110","1,125","1,710","1,420",565,955,"3,830","2,055",410,795,"1,920","1,905","29,290"
"Herefordshire, County of",E06000019,"2,475",735,"1,070",345,450,975,290,580,405,125,360,"1,155",835,130,260,510,615,"11,315"
Telford and Wrekin,E06000020,195,515,525,220,335,665,250,385,395,110,190,670,480,65,180,345,365,"5,890"
Stoke-on-Trent,E06000021,25,710,730,375,430,"1,090",345,525,260,180,185,595,530,85,185,625,575,"7,450"
Shropshire,E06000051,"3,385",935,"1,630",560,745,"1,490",510,"1,090",630,255,545,"1,980","1,180",185,385,855,"1,015","17,375"
Staffordshire,E10000028,"2,830","2,600","4,345","1,285","1,820","3,465","1,655","2,095","1,610",640,"1,130","4,580","2,620",320,915,"1,940","2,350","36,200"
Warwickshire,E10000031,"1,535","1,800","2,595",980,"1,305","2,615","1,560","1,690","1,835",550,"1,025","5,395","2,330",280,740,"1,310","1,830","29,375"
Worcestershire,E10000034,"1,855","1,945","2,905","1,010","1,405","2,550",820,"1,555","1,495",540,"1,015","3,920","2,205",260,690,"1,365","1,695","27,230"
West Midlands,E11000005,310,"7,455","8,605","3,230","5,245","11,740","4,570","5,770","5,240","2,245","3,260","12,305","7,530",640,"2,475","6,995","6,105","93,720"
Peterborough,E06000031,160,385,675,360,420,815,480,455,510,175,305,920,580,60,205,445,430,"7,380"
Luton,E06000032,10,370,775,240,320,750,435,380,525,135,280,890,625,35,180,505,370,"6,825"
Southend-on-Sea,E06000033,20,385,955,195,275,920,175,520,580,210,295,"1,090",640,25,160,495,505,"7,445"
Thurrock,E06000034,40,345,995,260,290,690,670,350,375,80,125,725,465,35,120,365,295,"6,225"
Bedford,E06000055,255,400,780,270,350,650,315,455,550,135,265,"1,160",530,65,220,510,515,"7,425"
Central Bedfordshire,E06000056,480,820,"1,885",430,565,910,560,630,"1,020",215,370,"2,100","1,005",95,320,470,800,"12,675"
Cambridgeshire,E10000003,"2,115","1,935","3,435",930,"1,390","2,455","1,055","1,695","2,685",530,990,"5,225","2,615",395,880,"1,525","2,015","31,870"
Essex,E10000012,"2,275","4,080","10,500","2,170","3,105","5,970","2,555","3,440","4,505","1,450","2,350","10,215","5,515",690,"1,535","3,365","4,220","67,940"
Hertfordshire,E10000015,835,"2,915","7,355","1,640","3,075","5,095","1,870","3,365","6,715","1,475","2,425","12,190","5,375",285,"1,485","3,025","3,900","63,025"
Norfolk,E10000020,"3,515","2,400","4,240","1,395","1,675","4,045","1,215","2,670","1,475",675,"1,070","4,545","2,715",585,910,"2,170","2,430","37,730"
Suffolk,E10000029,"2,760","2,045","3,725","1,180","1,390","3,285","1,460","2,025","1,605",640,"1,125","4,265","2,820",480,780,"1,850","2,480","33,915"
Inner London,E13000001,310,"7,050","13,720","1,735","9,645","21,945","4,140","16,780","32,180","11,235","14,375","65,750","28,955","1,165","4,830","11,790","21,820","267,425"
Outer London,E13000002,365,"8,185","27,700","5,105","11,650","22,210","7,620","12,620","28,200","4,315","9,385","43,600","20,600",945,"5,160","14,065","15,990","237,715"
Medway,E06000035,75,525,"1,460",300,365,920,410,640,510,160,250,"1,185",745,50,240,630,560,"9,025"
Bracknell Forest,E06000036,40,175,585,145,210,360,130,210,765,75,110,"1,025",525,20,150,265,340,"5,130"
West Berkshire,E06000037,330,540,"1,015",280,465,650,275,415,"1,155",180,315,"1,960",820,60,230,335,765,"9,790"
Reading,E06000038,15,270,515,185,310,800,250,530,"1,390",210,220,"1,445",740,40,170,460,435,"7,985"
Slough,E06000039,10,305,455,195,350,570,555,285,960,100,140,770,485,20,120,300,295,"5,915"
Windsor and Maidenhead,E06000040,75,395,745,195,450,765,225,560,"1,290",205,340,"2,365",995,35,250,420,685,"9,995"
Wokingham,E06000041,100,325,875,210,345,495,185,330,"1,565",135,210,"2,025",785,25,185,335,530,"8,660"
Milton Keynes,E06000042,160,555,"1,095",355,620,"1,100",550,650,"1,950",305,420,"2,260","1,215",75,300,770,765,"13,145"
Brighton and Hove,E06000043,50,460,"1,220",205,485,"1,690",200,"1,245","1,865",275,565,"2,685","1,320",180,385,995,"1,385","15,210"
Portsmouth,E06000044,10,380,915,225,260,880,185,705,400,130,205,790,610,55,175,470,550,"6,945"
Southampton,E06000045,15,430,950,295,315,910,385,630,430,190,270,"1,005",615,55,200,595,545,"7,835"
Isle of Wight,E06000046,320,315,565,140,185,715,150,660,215,90,210,590,440,75,135,360,450,"5,615"
Buckinghamshire,E10000002,"1,110","1,530","3,340",875,"1,435","2,350",795,"1,290","3,345",615,"1,305","6,805","2,650",190,760,"1,395","2,260","32,050"
East Sussex,E10000011,"1,360","1,365","3,120",780,"1,040","2,450",530,"1,685","1,565",400,840,"3,720","1,960",180,615,"1,580","1,845","25,035"
Hampshire,E10000014,"2,035","3,725","7,970","1,975","2,600","5,720","1,910","3,270","5,920","1,415","2,225","11,810","5,305",460,"1,725","3,275","4,220","65,560"
Kent,E10000016,"2,335","3,600","8,685","2,075","3,045","6,460","2,305","4,445","3,985","1,580","2,050","10,155","5,515",555,"1,640","3,815","4,190","66,435"
Oxfordshire,E10000025,"1,660","1,720","3,510",960,"1,315","3,030",845,"2,060","2,890",600,"1,160","6,645","2,960",330,"1,075","1,720","2,600","35,080"
Surrey,E10000030,885,"2,650","7,290","1,690","2,670","5,335","2,340","3,340","7,780","1,830","2,445","15,255","6,300",280,"1,495","3,190","4,875","69,650"
West Sussex,E10000032,"1,450","2,265","4,510","1,110","1,815","3,865","1,105","2,195","3,015",895,"1,355","6,630","3,485",270,950,"2,135","2,780","39,830"
Bath and North East Somerset,E06000022,330,420,960,230,320,"1,000",185,655,785,185,325,"1,675",675,75,255,540,665,"9,280"
"Bristol, City of",E06000023,35,950,"1,810",585,820,"2,045",755,"1,400","1,960",710,740,"3,735","1,815",120,450,"1,245","1,440","20,615"
North Somerset,E06000024,395,505,"1,100",335,380,860,395,555,700,265,325,"1,595",785,70,230,550,590,"9,635"
South Gloucestershire,E06000025,460,675,"1,525",395,430,930,515,580,940,290,335,"1,800",920,80,275,630,635,"11,415"
Plymouth,E06000026,60,375,925,300,280,"1,045",245,675,300,160,310,845,490,65,230,635,500,"7,440"
Torbay,E06000027,95,205,600,160,180,715,125,580,175,85,210,445,360,30,105,390,365,"4,825"
Bournemouth,E06000028,20,280,920,200,270,"1,005",125,660,540,195,340,"1,005",610,35,200,595,560,"7,560"
Poole,E06000029,30,515,965,265,355,725,170,385,560,145,335,925,530,35,140,415,460,"6,955"
Swindon,E06000030,120,375,885,280,320,800,400,535,905,195,245,"1,365",660,45,190,420,520,"8,260"
Cornwall,E06000052,"4,320","1,580","3,020",815,935,"3,045",765,"2,735",765,400,845,"2,410","1,650",370,605,"1,450","1,565","27,275"
Isles of Scilly,E06000053,50,15,20,0,0,25,30,50,5,0,5,5,10,10,10,10,15,260
Wiltshire,E06000054,"2,210","1,335","2,505",765,915,"2,095",620,"1,465","1,795",465,830,"4,140","1,845",275,705,"1,270","1,740","24,975"
Devon,E10000008,"7,920","2,250","4,395","1,330","1,510","4,040","1,080","2,980","1,490",715,"1,395","4,275","2,655",465,880,"2,180","2,470","42,030"
Dorset,E10000009,"2,225","1,465","2,645",660,840,"2,165",515,"1,485","1,050",370,750,"2,695","1,450",280,480,"1,105","1,530","21,710"
Gloucestershire,E10000013,"2,320","1,955","3,250",940,"1,295","2,995",940,"1,895","2,300",705,"1,060","5,155","2,415",265,765,"1,685","1,995","31,935"
Somerset,E10000027,"3,835","1,800","3,075","1,000","1,045","2,610",765,"1,770","1,180",485,835,"3,340","1,830",280,640,"1,440","1,635","27,565"
